Tipo de Monitoramento:;CETESB
Tipo de Rede:;Automática
Tipo de Dado:;Primários
Código da estação:;73
Nome da estação:;Congonhas

Data;Hora;Média Horária
;;MP2.5(Partículas Inaláveis Finas) - µg/m3
09/06/2026;01:00;53
09/06/2026;02:00;57
09/06/2026;03:00;61
09/06/2026;04:00;67
09/06/2026;05:00;66
09/06/2026;06:00;55
09/06/2026;07:00;43
09/06/2026;08:00;29
09/06/2026;09:00;26
09/06/2026;10:00;30
09/06/2026;11:00;42
09/06/2026;12:00;15
09/06/2026;13:00;14
09/06/2026;14:00;21
09/06/2026;15:00;21
09/06/2026;16:00;17
09/06/2026;17:00;18
09/06/2026;18:00;21
09/06/2026;19:00;20
09/06/2026;20:00;26
09/06/2026;21:00;33
09/06/2026;22:00;35
09/06/2026;23:00;49
09/06/2026;24:00;53
10/06/2026;01:00;62
10/06/2026;02:00;66
10/06/2026;03:00;59
10/06/2026;04:00;63
10/06/2026;05:00;63
10/06/2026;06:00;59
10/06/2026;07:00;56
10/06/2026;08:00;40
10/06/2026;09:00;36
10/06/2026;10:00;26
10/06/2026;11:00;38
10/06/2026;12:00;22
10/06/2026;13:00;9
10/06/2026;14:00;23
10/06/2026;15:00;21
10/06/2026;16:00;32
10/06/2026;17:00;34
10/06/2026;18:00;26
10/06/2026;19:00;16
10/06/2026;20:00;15
10/06/2026;21:00;12
10/06/2026;22:00;22
10/06/2026;23:00;27
10/06/2026;24:00;17
11/06/2026;01:00;20
11/06/2026;02:00;17
11/06/2026;03:00;26
11/06/2026;04:00;19
11/06/2026;05:00;24
11/06/2026;06:00;14
11/06/2026;07:00;10
11/06/2026;08:00;9
11/06/2026;09:00;11
11/06/2026;10:00;14
11/06/2026;11:00;14
11/06/2026;12:00;12
11/06/2026;13:00;12
11/06/2026;14:00;9
11/06/2026;15:00;10
11/06/2026;16:00;8
11/06/2026;17:00;10
11/06/2026;18:00;15
11/06/2026;19:00;15
11/06/2026;20:00;16
11/06/2026;21:00;14
11/06/2026;22:00;13
11/06/2026;23:00;19
11/06/2026;24:00;17
12/06/2026;01:00;19
12/06/2026;02:00;13
12/06/2026;03:00;16
12/06/2026;04:00;17
12/06/2026;05:00;17
12/06/2026;06:00;18
12/06/2026;07:00;19
12/06/2026;08:00;11
12/06/2026;09:00;8
12/06/2026;10:00;21
12/06/2026;11:00;6
12/06/2026;12:00;7
12/06/2026;13:00;7
12/06/2026;14:00;6
12/06/2026;15:00;8
12/06/2026;16:00;7
12/06/2026;17:00;8
12/06/2026;18:00;14
12/06/2026;19:00;6
12/06/2026;20:00;10
12/06/2026;21:00;8
12/06/2026;22:00;8
12/06/2026;23:00;9
12/06/2026;24:00;6
13/06/2026;01:00;13
13/06/2026;02:00;13
13/06/2026;03:00;9
13/06/2026;04:00;9
13/06/2026;05:00;5
13/06/2026;06:00;7
13/06/2026;07:00;9
13/06/2026;08:00;3
13/06/2026;09:00;3
13/06/2026;10:00;3
13/06/2026;11:00;4
13/06/2026;12:00;4
13/06/2026;13:00;7
13/06/2026;14:00;7
13/06/2026;15:00;3
13/06/2026;16:00;5
13/06/2026;17:00;14
13/06/2026;18:00;8
13/06/2026;19:00;7
13/06/2026;20:00;15
13/06/2026;21:00;19
13/06/2026;22:00;16
13/06/2026;23:00;7
13/06/2026;24:00;17
14/06/2026;01:00;5
14/06/2026;02:00;4
14/06/2026;03:00;3
14/06/2026;04:00;10
14/06/2026;05:00;6
14/06/2026;06:00;4
14/06/2026;07:00;7
14/06/2026;08:00;3
14/06/2026;09:00;2
14/06/2026;10:00;1
14/06/2026;11:00;7
14/06/2026;12:00;1
14/06/2026;13:00;7
14/06/2026;14:00;5
14/06/2026;15:00;3
14/06/2026;16:00;9
14/06/2026;17:00;3
14/06/2026;18:00;8
14/06/2026;19:00;6
14/06/2026;20:00;8
14/06/2026;21:00;5
14/06/2026;22:00;9
14/06/2026;23:00;11
14/06/2026;24:00;27
15/06/2026;01:00;9
15/06/2026;02:00;12
15/06/2026;03:00;11
15/06/2026;04:00;19
15/06/2026;05:00;11
15/06/2026;06:00;13
15/06/2026;07:00;9
15/06/2026;08:00;6
15/06/2026;09:00;7
15/06/2026;10:00;3
15/06/2026;11:00;10
15/06/2026;12:00;10
15/06/2026;13:00;8
15/06/2026;14:00;16
15/06/2026;15:00;9
15/06/2026;16:00;14
15/06/2026;17:00;8
15/06/2026;18:00;8
15/06/2026;19:00;8
15/06/2026;20:00;7
15/06/2026;21:00;7
15/06/2026;22:00;7
15/06/2026;23:00;11
15/06/2026;24:00;14
16/06/2026;01:00;12
16/06/2026;02:00;8
16/06/2026;03:00;10
16/06/2026;04:00;13
16/06/2026;05:00;12
16/06/2026;06:00;15
16/06/2026;07:00;12
16/06/2026;08:00;8
16/06/2026;09:00;5
16/06/2026;10:00;6
16/06/2026;11:00;6
16/06/2026;12:00;6
16/06/2026;13:00;7
16/06/2026;14:00;2
16/06/2026;15:00;7
16/06/2026;16:00;10
16/06/2026;17:00;16
16/06/2026;18:00;16
16/06/2026;19:00;7
16/06/2026;20:00;5
16/06/2026;21:00;8
16/06/2026;22:00;12
16/06/2026;23:00;14
16/06/2026;24:00;10
17/06/2026;01:00;17
17/06/2026;02:00;20
17/06/2026;03:00;18
17/06/2026;04:00;30
17/06/2026;05:00;21
17/06/2026;06:00;27
17/06/2026;07:00;17
17/06/2026;08:00;8
17/06/2026;09:00;9
17/06/2026;10:00;8
17/06/2026;11:00;8
17/06/2026;12:00;6
17/06/2026;13:00;8
17/06/2026;14:00;12
17/06/2026;15:00;15
17/06/2026;16:00;10
17/06/2026;17:00;14
17/06/2026;18:00;18
17/06/2026;19:00;10
17/06/2026;20:00;5
17/06/2026;21:00;5
17/06/2026;22:00;15
17/06/2026;23:00;14
17/06/2026;24:00;10
18/06/2026;01:00;14
18/06/2026;02:00;11
18/06/2026;03:00;10
18/06/2026;04:00;6
18/06/2026;05:00;12
18/06/2026;06:00;13
18/06/2026;07:00;18
18/06/2026;08:00;7
18/06/2026;09:00;7
18/06/2026;10:00;7
18/06/2026;11:00;7
18/06/2026;12:00;3
18/06/2026;13:00;1
18/06/2026;14:00;10
18/06/2026;15:00;5
18/06/2026;16:00;12
18/06/2026;17:00;17
18/06/2026;18:00;24
18/06/2026;19:00;14
18/06/2026;20:00;5
18/06/2026;21:00;10
18/06/2026;22:00;8
18/06/2026;23:00;9
18/06/2026;24:00;6
19/06/2026;01:00;8
19/06/2026;02:00;11
19/06/2026;03:00;10
19/06/2026;04:00;13
19/06/2026;05:00;13
19/06/2026;06:00;12
19/06/2026;07:00;18
19/06/2026;08:00;12
19/06/2026;09:00;15
19/06/2026;10:00;12
19/06/2026;11:00;18
19/06/2026;12:00;5
19/06/2026;13:00;3
19/06/2026;14:00;15
19/06/2026;15:00;5
19/06/2026;16:00;10
19/06/2026;17:00;16
19/06/2026;18:00;14
19/06/2026;19:00;13
19/06/2026;20:00;20
19/06/2026;21:00;24
19/06/2026;22:00;36
19/06/2026;23:00;36
19/06/2026;24:00;24
20/06/2026;01:00;27
20/06/2026;02:00;31
20/06/2026;03:00;30
20/06/2026;04:00;17
20/06/2026;05:00;21
20/06/2026;06:00;22
20/06/2026;07:00;19
20/06/2026;08:00;8
20/06/2026;09:00;12
20/06/2026;10:00;11
20/06/2026;11:00;16
20/06/2026;12:00;17
20/06/2026;13:00;13
20/06/2026;14:00;7
20/06/2026;15:00;8
20/06/2026;16:00;13
20/06/2026;17:00;11
20/06/2026;18:00;16
20/06/2026;19:00;15
20/06/2026;20:00;16
20/06/2026;21:00;17
20/06/2026;22:00;11
20/06/2026;23:00;3
20/06/2026;24:00;3
21/06/2026;01:00;8
21/06/2026;02:00;5
21/06/2026;03:00;3
21/06/2026;04:00;8
21/06/2026;05:00;10
21/06/2026;06:00;5
21/06/2026;07:00;5
21/06/2026;08:00;3
21/06/2026;09:00;7
21/06/2026;10:00;2
21/06/2026;11:00;4
21/06/2026;12:00;2
21/06/2026;13:00;0
21/06/2026;14:00;6
21/06/2026;15:00;3
21/06/2026;16:00;10
21/06/2026;17:00;12
21/06/2026;18:00;31
21/06/2026;19:00;24
21/06/2026;20:00;27
21/06/2026;21:00;30
21/06/2026;22:00;36
21/06/2026;23:00;36
21/06/2026;24:00;59
22/06/2026;01:00;46
22/06/2026;02:00;45
22/06/2026;03:00;42
22/06/2026;04:00;30
22/06/2026;05:00;20
22/06/2026;06:00;13
22/06/2026;07:00;14
22/06/2026;08:00;9
22/06/2026;09:00;13
22/06/2026;10:00;12
22/06/2026;11:00;13
22/06/2026;12:00;8
22/06/2026;13:00;1
22/06/2026;14:00;9
22/06/2026;15:00;4
22/06/2026;16:00;2
22/06/2026;17:00;11
22/06/2026;18:00;12
22/06/2026;19:00;13
22/06/2026;20:00;4
22/06/2026;21:00;10
22/06/2026;22:00;11
22/06/2026;23:00;9
22/06/2026;24:00;2
23/06/2026;01:00;8
23/06/2026;02:00;10
23/06/2026;03:00;10
23/06/2026;04:00;16
23/06/2026;05:00;14
23/06/2026;06:00;11
23/06/2026;07:00;14
23/06/2026;08:00;21
23/06/2026;09:00;23
23/06/2026;10:00;17
23/06/2026;11:00;12
23/06/2026;12:00;24
23/06/2026;13:00;25
23/06/2026;14:00;15
23/06/2026;15:00;23
23/06/2026;16:00;20
23/06/2026;17:00;16
23/06/2026;18:00;9
23/06/2026;19:00;6
23/06/2026;20:00;4
23/06/2026;21:00;1
23/06/2026;22:00;10
23/06/2026;23:00;13
23/06/2026;24:00;8
24/06/2026;01:00;12
24/06/2026;02:00;5
24/06/2026;03:00;8
24/06/2026;04:00;8
24/06/2026;05:00;7
24/06/2026;06:00;14
24/06/2026;07:00;10
24/06/2026;08:00;2
24/06/2026;09:00;11
24/06/2026;10:00;5
24/06/2026;11:00;3
24/06/2026;12:00;10
24/06/2026;13:00;11
24/06/2026;14:00;5
24/06/2026;15:00;8
24/06/2026;16:00;11
24/06/2026;17:00;12
24/06/2026;18:00;5
24/06/2026;19:00;4
24/06/2026;20:00;7
24/06/2026;21:00;9
24/06/2026;22:00;6
24/06/2026;23:00;10
24/06/2026;24:00;9
25/06/2026;01:00;8
25/06/2026;02:00;7
25/06/2026;03:00;9
25/06/2026;04:00;8
25/06/2026;05:00;11
25/06/2026;06:00;18
25/06/2026;07:00;13
25/06/2026;08:00;3
25/06/2026;09:00;9
25/06/2026;10:00;5
25/06/2026;11:00;8
25/06/2026;12:00;10
25/06/2026;13:00;13
25/06/2026;14:00;10
25/06/2026;15:00;12
25/06/2026;16:00;10
25/06/2026;17:00;12
25/06/2026;18:00;12
25/06/2026;19:00;14
25/06/2026;20:00;11
25/06/2026;21:00;10
25/06/2026;22:00;12
25/06/2026;23:00;15
25/06/2026;24:00;4
26/06/2026;01:00;17
26/06/2026;02:00;13
26/06/2026;03:00;12
26/06/2026;04:00;12
26/06/2026;05:00;18
26/06/2026;06:00;22
26/06/2026;07:00;18
26/06/2026;08:00;10
26/06/2026;09:00;8
26/06/2026;10:00;10
26/06/2026;11:00;12
26/06/2026;12:00;9
26/06/2026;13:00;10
26/06/2026;14:00;16
26/06/2026;15:00;16
26/06/2026;16:00;18
26/06/2026;17:00;20
26/06/2026;18:00;21
26/06/2026;19:00;17
26/06/2026;20:00;17
26/06/2026;21:00;37
26/06/2026;22:00;40
26/06/2026;23:00;34
26/06/2026;24:00;40
27/06/2026;01:00;46
27/06/2026;02:00;37
27/06/2026;03:00;15
27/06/2026;04:00;9
27/06/2026;05:00;15
27/06/2026;06:00;12
27/06/2026;07:00;12
27/06/2026;08:00;9
27/06/2026;09:00;6
27/06/2026;10:00;10
27/06/2026;11:00;11
27/06/2026;12:00;7
27/06/2026;13:00;3
27/06/2026;14:00;13
27/06/2026;15:00;9
27/06/2026;16:00;13
27/06/2026;17:00;13
27/06/2026;18:00;16
27/06/2026;19:00;24
27/06/2026;20:00;21
27/06/2026;21:00;15
27/06/2026;22:00;18
27/06/2026;23:00;21
27/06/2026;24:00;33
28/06/2026;01:00;33
28/06/2026;02:00;29
28/06/2026;03:00;30
28/06/2026;04:00;34
28/06/2026;05:00;27
28/06/2026;06:00;24
28/06/2026;07:00;19
28/06/2026;08:00;10
28/06/2026;09:00;13
28/06/2026;10:00;12
28/06/2026;11:00;16
28/06/2026;12:00;2
28/06/2026;13:00;0
28/06/2026;14:00;6
28/06/2026;15:00;8
28/06/2026;16:00;6
28/06/2026;17:00;10
28/06/2026;18:00;13
28/06/2026;19:00;9
28/06/2026;20:00;12
28/06/2026;21:00;16
28/06/2026;22:00;12
28/06/2026;23:00;10
28/06/2026;24:00;19
29/06/2026;01:00;33
29/06/2026;02:00;24
29/06/2026;03:00;11
29/06/2026;04:00;28
29/06/2026;05:00;26
29/06/2026;06:00;37
29/06/2026;07:00;27
29/06/2026;08:00;19
29/06/2026;09:00;11
29/06/2026;10:00;18
29/06/2026;11:00;18
29/06/2026;12:00;13
29/06/2026;13:00;0
29/06/2026;14:00;14
29/06/2026;15:00;8
29/06/2026;16:00;6
29/06/2026;17:00;23
29/06/2026;18:00;24
29/06/2026;19:00;13
29/06/2026;20:00;15
29/06/2026;21:00;17
29/06/2026;22:00;19
29/06/2026;23:00;25
29/06/2026;24:00;25
30/06/2026;01:00;21
30/06/2026;02:00;21
30/06/2026;03:00;20
30/06/2026;04:00;19
30/06/2026;05:00;21
30/06/2026;06:00;16
30/06/2026;07:00;14
30/06/2026;08:00;12
30/06/2026;09:00;10
30/06/2026;10:00;7
30/06/2026;11:00;14
30/06/2026;12:00;6
30/06/2026;13:00;3
30/06/2026;14:00;10
30/06/2026;15:00;9
30/06/2026;16:00;6
30/06/2026;17:00;13
30/06/2026;18:00;17
30/06/2026;19:00;10
30/06/2026;20:00;18
30/06/2026;21:00;30
30/06/2026;22:00;29
30/06/2026;23:00;29
30/06/2026;24:00;31
01/07/2026;01:00;44
01/07/2026;02:00;41
01/07/2026;03:00;37
01/07/2026;04:00;18
01/07/2026;05:00;22
01/07/2026;06:00;35
01/07/2026;07:00;36
01/07/2026;08:00;24
01/07/2026;09:00;25
01/07/2026;10:00;
01/07/2026;11:00;
01/07/2026;12:00;18
01/07/2026;13:00;1
01/07/2026;14:00;16
01/07/2026;15:00;8
01/07/2026;16:00;11
01/07/2026;17:00;12
01/07/2026;18:00;15
01/07/2026;19:00;11
01/07/2026;20:00;14
01/07/2026;21:00;13
01/07/2026;22:00;23
01/07/2026;23:00;19
01/07/2026;24:00;20
02/07/2026;01:00;11
02/07/2026;02:00;27
02/07/2026;03:00;33
02/07/2026;04:00;47
02/07/2026;05:00;43
02/07/2026;06:00;37
02/07/2026;07:00;24
02/07/2026;08:00;21
02/07/2026;09:00;23
02/07/2026;10:00;28
02/07/2026;11:00;26
02/07/2026;12:00;10
02/07/2026;13:00;0
02/07/2026;14:00;13
02/07/2026;15:00;5
02/07/2026;16:00;11
02/07/2026;17:00;16
02/07/2026;18:00;22
02/07/2026;19:00;16
02/07/2026;20:00;20
02/07/2026;21:00;23
02/07/2026;22:00;31
02/07/2026;23:00;40
02/07/2026;24:00;60
03/07/2026;01:00;50
03/07/2026;02:00;48
03/07/2026;03:00;55
03/07/2026;04:00;45
03/07/2026;05:00;36
03/07/2026;06:00;30
03/07/2026;07:00;36
03/07/2026;08:00;28
03/07/2026;09:00;24
03/07/2026;10:00;26
03/07/2026;11:00;26
03/07/2026;12:00;9
03/07/2026;13:00;5
03/07/2026;14:00;30
03/07/2026;15:00;28
03/07/2026;16:00;16
03/07/2026;17:00;7
03/07/2026;18:00;4
03/07/2026;19:00;8
03/07/2026;20:00;5
03/07/2026;21:00;4
03/07/2026;22:00;8
03/07/2026;23:00;14
03/07/2026;24:00;10
04/07/2026;01:00;14
04/07/2026;02:00;10
04/07/2026;03:00;27
04/07/2026;04:00;5
04/07/2026;05:00;5
04/07/2026;06:00;6
04/07/2026;07:00;5
04/07/2026;08:00;9
04/07/2026;09:00;17
04/07/2026;10:00;9
04/07/2026;11:00;5
04/07/2026;12:00;6
04/07/2026;13:00;11
04/07/2026;14:00;21
04/07/2026;15:00;21
04/07/2026;16:00;15
04/07/2026;17:00;15
04/07/2026;18:00;16
04/07/2026;19:00;11
04/07/2026;20:00;10
04/07/2026;21:00;9
04/07/2026;22:00;8
04/07/2026;23:00;11
04/07/2026;24:00;17
05/07/2026;01:00;15
05/07/2026;02:00;8
05/07/2026;03:00;13
05/07/2026;04:00;15
05/07/2026;05:00;12
05/07/2026;06:00;17
05/07/2026;07:00;16
05/07/2026;08:00;11
05/07/2026;09:00;4
05/07/2026;10:00;6
05/07/2026;11:00;6
05/07/2026;12:00;7
05/07/2026;13:00;7
05/07/2026;14:00;10
05/07/2026;15:00;26
05/07/2026;16:00;27
05/07/2026;17:00;28
05/07/2026;18:00;19
05/07/2026;19:00;16
05/07/2026;20:00;21
05/07/2026;21:00;25
05/07/2026;22:00;21
05/07/2026;23:00;18
05/07/2026;24:00;22
06/07/2026;01:00;13
06/07/2026;02:00;14
06/07/2026;03:00;22
06/07/2026;04:00;25
06/07/2026;05:00;20
06/07/2026;06:00;20
06/07/2026;07:00;19
06/07/2026;08:00;16
06/07/2026;09:00;10
06/07/2026;10:00;13
06/07/2026;11:00;19
06/07/2026;12:00;16
06/07/2026;13:00;7
06/07/2026;14:00;14
06/07/2026;15:00;16
06/07/2026;16:00;13
06/07/2026;17:00;12
06/07/2026;18:00;17
06/07/2026;19:00;15
06/07/2026;20:00;22
06/07/2026;21:00;23
06/07/2026;22:00;32
06/07/2026;23:00;34
06/07/2026;24:00;45
07/07/2026;01:00;58
07/07/2026;02:00;48
07/07/2026;03:00;41
07/07/2026;04:00;38
07/07/2026;05:00;43
07/07/2026;06:00;48
07/07/2026;07:00;26
07/07/2026;08:00;23
07/07/2026;09:00;18
07/07/2026;10:00;22
07/07/2026;11:00;20
07/07/2026;12:00;13
07/07/2026;13:00;16
07/07/2026;14:00;4
07/07/2026;15:00;11
07/07/2026;16:00;2
07/07/2026;17:00;12
07/07/2026;18:00;12
07/07/2026;19:00;2
07/07/2026;20:00;8
07/07/2026;21:00;5
07/07/2026;22:00;7
07/07/2026;23:00;14
07/07/2026;24:00;19
08/07/2026;01:00;17
08/07/2026;02:00;17
08/07/2026;03:00;10
08/07/2026;04:00;20
08/07/2026;05:00;14
08/07/2026;06:00;8
08/07/2026;07:00;14
08/07/2026;08:00;13
08/07/2026;09:00;16
08/07/2026;10:00;14
08/07/2026;11:00;24
08/07/2026;12:00;16
08/07/2026;13:00;15
08/07/2026;14:00;19
08/07/2026;15:00;18
08/07/2026;16:00;24
08/07/2026;17:00;37
08/07/2026;18:00;31
08/07/2026;19:00;16
08/07/2026;20:00;19
08/07/2026;21:00;17
08/07/2026;22:00;13
08/07/2026;23:00;22
08/07/2026;24:00;30
09/07/2026;01:00;27
09/07/2026;02:00;27
09/07/2026;03:00;23
09/07/2026;04:00;32
09/07/2026;05:00;30
09/07/2026;06:00;27
09/07/2026;07:00;29
09/07/2026;08:00;40
09/07/2026;09:00;22
09/07/2026;10:00;21
09/07/2026;11:00;23
09/07/2026;12:00;18
09/07/2026;13:00;
09/07/2026;14:00;
09/07/2026;15:00;
09/07/2026;16:00;
09/07/2026;17:00;
09/07/2026;18:00;
09/07/2026;19:00;
09/07/2026;20:00;
09/07/2026;21:00;
09/07/2026;22:00;
09/07/2026;23:00;
09/07/2026;24:00;
