time,MP2.5,temperature_2m,relative_humidity_2m,precipitation,wind_speed_10m
2026-05-24 01:00:00+00:00,43.0,16.1,97.16548,0.4,3.2846913
2026-05-24 02:00:00+00:00,45.0,16.0,98.7304,0.9,5.3999996
2026-05-24 03:00:00+00:00,39.4,15.85,97.78497,0.2,7.8954163
2026-05-24 04:00:00+00:00,43.3,15.4,98.724525,0.2,3.4949677
2026-05-24 05:00:00+00:00,49.2,15.4,98.724525,0.6,2.0991426
2026-05-24 06:00:00+00:00,46.3,16.5,98.735245,1.3,5.692099
2026-05-24 07:00:00+00:00,40.9,16.1,98.731346,1.2,3.710795
2026-05-24 08:00:00+00:00,35.2,15.75,96.22648,5.7,2.6999998
2026-05-24 09:00:00+00:00,39.2,15.6,97.15466,2.7,4.6938252
2026-05-24 10:00:00+00:00,36.8,15.85,95.613205,6.3,0.9693296
2026-05-24 11:00:00+00:00,34.7,16.4,95.937805,5.8,0.9
2026-05-24 12:00:00+00:00,35.2,17.95,93.88226,2.6,3.244996
2026-05-24 13:00:00+00:00,40.0,19.95,82.865974,0.0,3.710795
2026-05-24 14:00:00+00:00,21.7,21.55,75.57036,0.0,3.3043609
2026-05-24 15:00:00+00:00,16.5,22.35,72.88748,0.1,7.0038276
2026-05-24 16:00:00+00:00,11.5,22.85,72.06081,0.2,9.473541
2026-05-24 17:00:00+00:00,15.0,21.2,79.68716,1.0,7.674842
2026-05-24 18:00:00+00:00,11.6,20.8,81.92786,0.5,5.771239
2026-05-24 19:00:00+00:00,22.5,20.5,82.931305,0.3,2.7416782
2026-05-24 20:00:00+00:00,28.7,19.7,87.69031,0.4,4.503598
2026-05-24 21:00:00+00:00,22.1,18.65,91.86212,0.3,6.1305785
2026-05-24 22:00:00+00:00,20.6,18.0,94.480934,0.1,2.4149535
2026-05-24 23:00:00+00:00,33.2,17.8,95.073296,0.3,2.16
2026-05-25 00:00:00+00:00,34.3,17.35,96.271904,0.3,2.6999998
2026-05-25 01:00:00+00:00,21.4,17.3,96.88346,2.1,5.5916004
2026-05-25 02:00:00+00:00,0.3,16.7,97.1784,0.2,11.328566
2026-05-25 03:00:00+00:00,0.0,15.55,97.153595,0.0,8.557102
2026-05-25 04:00:00+00:00,0.0,15.35,95.59658,0.0,6.489992
2026-05-25 05:00:00+00:00,0.0,15.25,94.97787,0.0,7.056826
2026-05-25 06:00:00+00:00,0.0,15.5,95.60158,0.0,5.5596404
2026-05-25 07:00:00+00:00,0.0,15.45,95.292244,0.0,5.6492476
2026-05-25 08:00:00+00:00,0.0,15.45,94.67952,0.0,5.2323985
2026-05-25 09:00:00+00:00,4.4,15.5,93.46689,0.0,4.5891175
2026-05-25 10:00:00+00:00,4.8,15.4,94.37235,0.0,2.7416782
2026-05-25 11:00:00+00:00,17.4,15.95,91.10834,0.0,3.189608
2026-05-25 12:00:00+00:00,30.2,17.1,86.61789,0.0,4.91634
2026-05-25 13:00:00+00:00,36.6,18.4,80.58264,0.2,5.3699164
2026-05-25 14:00:00+00:00,34.3,20.05,74.84542,0.0,5.12289
2026-05-25 15:00:00+00:00,33.0,21.7,68.49493,0.0,5.402999
2026-05-25 16:00:00+00:00,38.3,23.0,63.08568,0.0,3.671294
2026-05-25 17:00:00+00:00,39.9,23.15,62.917328,0.0,4.1046314
2026-05-25 18:00:00+00:00,44.4,22.15,69.24291,0.1,6.522361
2026-05-25 19:00:00+00:00,39.6,20.45,81.11084,0.1,10.4493065
2026-05-25 20:00:00+00:00,37.2,18.5,88.70504,0.0,10.766949
2026-05-25 21:00:00+00:00,38.9,17.2,93.549324,0.0,7.538541
2026-05-25 22:00:00+00:00,30.1,16.8,94.733284,0.0,7.596341
2026-05-25 23:00:00+00:00,25.7,16.4,96.55316,0.0,8.067936
2026-05-26 00:00:00+00:00,36.7,16.6,95.33294,0.0,4.510787
2026-05-26 01:00:00+00:00,23.6,16.6,94.72536,0.0,4.5536795
2026-05-26 02:00:00+00:00,28.2,16.55,95.026855,0.0,4.412754
2026-05-26 03:00:00+00:00,34.2,16.6,95.637985,0.0,4.3832865
2026-05-26 04:00:00+00:00,33.7,16.4,96.862114,0.0,3.3043609
2026-05-26 05:00:00+00:00,29.2,16.25,97.16873,0.0,3.4388947
2026-05-26 06:00:00+00:00,31.8,16.7,96.56096,0.0,4.3832865
2026-05-26 07:00:00+00:00,31.5,16.95,95.345215,0.0,5.020677
2026-05-26 08:00:00+00:00,33.5,16.9,95.95312,0.0,6.77575
2026-05-26 09:00:00+00:00,28.0,16.85,95.951584,0.0,7.0407386
2026-05-26 10:00:00+00:00,27.0,16.75,95.948524,0.0,6.090812
2026-05-26 11:00:00+00:00,26.9,17.2,92.95448,0.0,7.029225
2026-05-26 12:00:00+00:00,28.3,18.05,92.41082,0.0,6.804381
2026-05-26 13:00:00+00:00,33.0,19.6,84.684296,0.1,6.889557
2026-05-26 14:00:00+00:00,29.7,21.95,73.5128,0.0,7.256032
2026-05-26 15:00:00+00:00,25.8,23.1,72.56083,0.0,7.072878
2026-05-26 16:00:00+00:00,19.9,24.25,66.85893,0.0,7.2649574
2026-05-26 17:00:00+00:00,7.0,23.25,67.07854,0.1,11.230904
2026-05-26 18:00:00+00:00,7.7,25.65,54.690266,1.4,9.703319
2026-05-26 19:00:00+00:00,4.8,24.45,61.23041,0.1,7.5213294
2026-05-26 20:00:00+00:00,5.9,23.35,70.35667,0.0,3.7842832
2026-05-26 21:00:00+00:00,16.0,21.85,77.79555,0.0,2.9301877
2026-05-26 22:00:00+00:00,17.6,21.1,81.707695,0.0,4.5820518
2026-05-26 23:00:00+00:00,28.8,20.5,85.31589,0.0,3.710795
2026-05-27 00:00:00+00:00,35.2,20.0,84.72732,0.0,5.004518
2026-05-27 01:00:00+00:00,39.6,19.3,87.378204,0.0,3.7799997
2026-05-27 02:00:00+00:00,44.8,18.8,89.29357,0.0,2.4149535
2026-05-27 03:00:00+00:00,27.9,18.15,91.83216,0.0,4.613762
2026-05-27 04:00:00+00:00,25.3,17.65,92.978004,0.0,3.8183763
2026-05-27 05:00:00+00:00,32.4,17.1,94.4437,0.0,3.189608
2026-05-27 06:00:00+00:00,32.0,17.6,92.97539,0.0,2.4149535
2026-05-27 07:00:00+00:00,32.8,17.2,93.549324,0.0,0.742159
2026-05-27 08:00:00+00:00,35.2,17.0,95.651115,0.0,4.8733153
2026-05-27 09:00:00+00:00,38.3,16.5,96.555756,0.0,3.8141315
2026-05-27 10:00:00+00:00,40.0,16.4,97.171974,0.0,1.4058449
2026-05-27 11:00:00+00:00,41.0,17.45,96.580414,0.0,2.5772076
2026-05-27 12:00:00+00:00,38.8,19.2,89.89016,0.1,1.4512063
2026-05-27 13:00:00+00:00,18.3,21.15,79.93204,0.1,4.7657523
2026-05-27 14:00:00+00:00,6.9,22.1,74.47445,0.0,6.9527545
2026-05-27 15:00:00+00:00,7.2,22.2,72.40123,0.1,8.027677
2026-05-27 16:00:00+00:00,6.5,20.75,78.872116,0.5,11.304229
2026-05-27 17:00:00+00:00,4.1,19.85,82.330055,0.8,11.003581
2026-05-27 18:00:00+00:00,1.2,19.35,80.45193,0.1,11.276968
2026-05-27 19:00:00+00:00,0.6,18.25,83.19397,0.0,10.209348
2026-05-27 20:00:00+00:00,0.1,17.35,85.53421,0.0,8.649369
2026-05-27 21:00:00+00:00,1.8,16.55,87.69115,0.0,7.989243
2026-05-27 22:00:00+00:00,2.6,16.1,87.93537,0.0,6.778141
2026-05-27 23:00:00+00:00,0.0,15.6,88.177666,0.0,5.8298883
2026-05-28 00:00:00+00:00,0.6,15.6,89.33078,0.0,6.8541956
2026-05-28 01:00:00+00:00,0.2,14.9,91.93197,0.0,7.0774574
2026-05-28 02:00:00+00:00,0.1,14.65,91.916916,0.0,5.9834766
2026-05-28 03:00:00+00:00,0.9,14.75,90.43726,0.0,6.924738
2026-05-28 04:00:00+00:00,0.7,14.25,92.495155,0.0,5.0688457
2026-05-28 05:00:00+00:00,0.0,13.45,94.90886,0.0,3.8183763
2026-05-28 06:00:00+00:00,0.0,12.7,99.34693,0.0,4.6730714
2026-05-28 07:00:00+00:00,0.0,12.0,99.671196,0.0,3.438895
2026-05-28 08:00:00+00:00,0.0,11.7,99.670425,0.0,3.4247334
2026-05-28 09:00:00+00:00,0.0,11.45,99.66978,0.0,3.1072817
2026-05-28 10:00:00+00:00,0.0,11.35,99.66952,0.0,2.7943513
2026-05-28 11:00:00+00:00,0.0,11.9,99.34284,0.0,2.8856194
2026-05-28 12:00:00+00:00,0.5,14.7,85.2571,0.0,3.745557
2026-05-28 13:00:00+00:00,0.0,15.55,82.33005,0.0,3.8521678
2026-05-28 14:00:00+00:00,0.1,17.35,69.65842,0.0,5.315336
2026-05-28 15:00:00+00:00,0.1,18.85,61.1305,0.0,5.2478566
2026-05-28 16:00:00+00:00,0.1,19.55,56.98905,0.0,4.7521367
2026-05-28 17:00:00+00:00,4.2,19.95,55.777523,0.0,5.293959
2026-05-28 18:00:00+00:00,8.2,19.9,58.607212,0.0,8.688613
2026-05-28 19:00:00+00:00,4.2,18.9,66.176254,0.0,10.464797
2026-05-28 20:00:00+00:00,6.0,17.35,78.12334,0.0,10.583326
2026-05-28 21:00:00+00:00,14.0,15.95,88.49412,0.0,9.252069
2026-05-28 22:00:00+00:00,9.2,15.15,94.36174,0.0,7.1684303
2026-05-28 23:00:00+00:00,3.8,14.85,95.579834,0.0,6.59154
2026-05-29 00:00:00+00:00,13.2,15.25,90.17898,0.0,6.9247384
2026-05-29 01:00:00+00:00,17.5,14.45,94.63918,0.0,4.4274144
2026-05-29 02:00:00+00:00,13.0,14.4,95.25465,0.0,4.599695
2026-05-29 03:00:00+00:00,8.2,14.25,96.18316,0.0,4.2481523
2026-05-29 04:00:00+00:00,5.8,14.35,96.18608,0.0,5.728979
2026-05-29 05:00:00+00:00,8.4,14.2,96.809044,0.0,5.6233797
2026-05-29 06:00:00+00:00,5.0,13.85,95.85834,0.0,5.7431
2026-05-29 07:00:00+00:00,0.7,14.2,93.70804,0.0,6.444905
2026-05-29 08:00:00+00:00,0.1,14.45,92.506386,0.0,6.3639607
2026-05-29 09:00:00+00:00,0.1,14.55,91.91087,0.0,7.329338
2026-05-29 10:00:00+00:00,0.0,14.3,92.196434,0.0,7.120815
2026-05-29 11:00:00+00:00,0.5,15.0,85.568886,0.0,9.107359
2026-05-29 12:00:00+00:00,4.0,16.3,82.961945,0.0,8.821836
2026-05-29 13:00:00+00:00,10.3,17.3,76.10453,0.0,8.149847
2026-05-29 14:00:00+00:00,2.2,18.3,68.25848,0.0,7.3997297
2026-05-29 15:00:00+00:00,0.9,19.15,62.424923,0.0,6.77575
2026-05-29 16:00:00+00:00,9.9,20.0,57.861526,0.0,6.037383
2026-05-29 17:00:00+00:00,19.1,19.8,61.35125,0.0,8.714677
2026-05-29 18:00:00+00:00,15.3,18.75,74.62786,0.0,11.457958
2026-05-29 19:00:00+00:00,17.7,17.7,79.7109,0.0,11.45513
2026-05-29 20:00:00+00:00,13.0,16.7,83.55047,0.0,10.571074
2026-05-29 21:00:00+00:00,3.9,15.9,88.48994,0.0,9.473541
2026-05-29 22:00:00+00:00,1.3,15.45,91.07539,0.0,9.5535755
2026-05-29 23:00:00+00:00,5.7,15.2,92.84873,0.0,9.220499
2026-05-30 00:00:00+00:00,8.4,15.45,91.964905,0.0,9.867218
2026-05-30 01:00:00+00:00,6.2,15.55,91.67375,0.0,8.78872
2026-05-30 02:00:00+00:00,12.3,15.45,92.86206,0.0,7.289445
2026-05-30 03:00:00+00:00,5.4,15.45,91.667564,0.0,6.7757506
2026-05-30 04:00:00+00:00,6.9,15.25,92.851395,0.0,6.114703
2026-05-30 05:00:00+00:00,2.8,14.9,94.6574,0.0,5.5450516
2026-05-30 06:00:00+00:00,1.9,15.0,92.83802,0.0,4.965521
2026-05-30 07:00:00+00:00,4.0,15.0,93.442345,0.0,3.9518096
2026-05-30 08:00:00+00:00,7.0,15.05,93.444824,0.0,4.755544
2026-05-30 09:00:00+00:00,16.0,15.05,93.14233,0.0,4.5891175
2026-05-30 10:00:00+00:00,23.0,15.3,92.55385,0.0,5.9834766
2026-05-30 11:00:00+00:00,25.0,16.0,87.35816,0.0,8.32877
2026-05-30 12:00:00+00:00,24.3,16.5,85.72345,0.0,5.297018
2026-05-30 13:00:00+00:00,28.7,17.1,83.59688,0.0,3.9966483
2026-05-30 14:00:00+00:00,33.6,18.35,80.05883,0.0,2.2553935
2026-05-30 15:00:00+00:00,36.9,19.55,75.97347,0.0,4.8366103
2026-05-30 16:00:00+00:00,39.2,20.4,70.9288,0.0,4.724786
2026-05-30 17:00:00+00:00,43.1,21.35,65.83461,0.0,5.3939967
2026-05-30 18:00:00+00:00,46.9,21.85,65.097496,0.0,4.2366967
2026-05-30 19:00:00+00:00,47.1,22.05,62.469933,0.0,5.2323985
2026-05-30 20:00:00+00:00,46.2,21.25,68.186226,0.0,3.219938
2026-05-30 21:00:00+00:00,41.7,18.8,79.60761,0.0,10.086427
2026-05-30 22:00:00+00:00,23.5,16.9,94.435394,0.0,8.647496
2026-05-30 23:00:00+00:00,11.4,16.85,92.93614,0.0,6.77575
2026-05-31 00:00:00+00:00,6.1,16.85,91.75352,0.0,6.130579
2026-05-31 01:00:00+00:00,3.5,16.6,92.033195,0.1,4.7110505
2026-05-31 02:00:00+00:00,6.4,16.35,92.909805,0.0,5.0688457
2026-05-31 03:00:00+00:00,7.3,16.25,92.30901,0.0,5.5916004
2026-05-31 04:00:00+00:00,5.8,15.8,94.38924,0.0,3.964089
2026-05-31 05:00:00+00:00,4.8,15.55,95.29581,0.0,3.96
2026-05-31 06:00:00+00:00,2.0,15.15,95.28154,0.0,5.2200003
2026-05-31 07:00:00+00:00,0.3,14.95,94.96645,0.0,3.604497
2026-05-31 08:00:00+00:00,0.0,14.95,93.74346,0.0,2.6999998
2026-05-31 09:00:00+00:00,0.0,15.1,91.943954,0.0,3.2399998
2026-05-31 10:00:00+00:00,0.1,15.2,90.46902,0.0,3.9763298
2026-05-31 11:00:00+00:00,0.9,15.85,85.93603,0.0,4.913044
2026-05-31 12:00:00+00:00,5.0,16.8,82.484726,0.0,5.3939967
2026-05-31 13:00:00+00:00,2.4,17.65,77.158676,0.0,3.3043609
2026-05-31 14:00:00+00:00,1.6,18.5,72.20026,0.0,1.6199999
2026-05-31 15:00:00+00:00,0.0,19.15,67.7626,0.0,1.8532133
2026-05-31 16:00:00+00:00,1.3,19.9,63.62869,0.0,1.8792552
2026-05-31 17:00:00+00:00,1.1,20.65,58.40314,0.0,1.2979984
2026-05-31 18:00:00+00:00,1.9,21.1,55.332047,0.0,2.657668
2026-05-31 19:00:00+00:00,1.7,19.85,65.09013,0.0,8.274128
2026-05-31 20:00:00+00:00,3.8,17.85,83.414696,0.0,10.692969
2026-05-31 21:00:00+00:00,9.3,16.65,89.98974,0.0,6.6624317
2026-05-31 22:00:00+00:00,33.3,16.25,92.90454,0.0,7.282774
2026-05-31 23:00:00+00:00,38.8,15.8,94.38924,0.0,4.8433046
2026-06-01 00:00:00+00:00,41.8,15.1,96.83092,0.0,2.2910259
2026-06-01 01:00:00+00:00,43.5,14.65,98.08117,0.0,1.4058449
2026-06-01 02:00:00+00:00,41.3,14.4,98.077484,0.0,1.5484185
2026-06-01 03:00:00+00:00,38.1,14.3,96.49761,0.0,0.9693296
2026-06-01 04:00:00+00:00,37.0,13.95,97.43504,0.0,1.3708391
2026-06-01 05:00:00+00:00,34.0,13.6,100.0,0.0,2.4014995
2026-06-01 06:00:00+00:00,29.3,13.45,99.350746,0.0,2.3400002
2026-06-01 07:00:00+00:00,33.6,13.35,99.35023,0.0,2.19718
2026-06-01 08:00:00+00:00,31.5,13.15,99.67416,0.0,2.0523157
2026-06-01 09:00:00+00:00,14.3,13.0,99.67376,0.0,2.0523157
2026-06-01 10:00:00+00:00,18.0,13.05,99.3487,0.0,2.5455842
2026-06-01 11:00:00+00:00,29.4,13.4,97.74293,0.0,1.8532133
2026-06-01 12:00:00+00:00,29.5,14.75,89.55606,0.0,3.8521678
2026-06-01 13:00:00+00:00,30.7,15.9,84.27799,0.1,4.198285
2026-06-01 14:00:00+00:00,27.0,16.85,79.07438,0.0,3.189608
2026-06-01 15:00:00+00:00,26.5,18.35,71.004715,0.0,1.2727921
2026-06-01 16:00:00+00:00,27.4,19.55,64.389854,0.0,0.56920993
2026-06-01 17:00:00+00:00,22.7,20.15,59.250656,0.0,2.0523157
2026-06-01 18:00:00+00:00,24.0,19.85,60.560524,0.0,8.953078
2026-06-01 19:00:00+00:00,21.5,18.6,68.09543,0.0,11.038858
2026-06-01 20:00:00+00:00,12.2,16.95,78.83135,0.0,10.703569
2026-06-01 21:00:00+00:00,3.8,15.7,85.64133,0.0,8.797931
2026-06-01 22:00:00+00:00,7.2,14.65,91.61786,0.0,6.050785
2026-06-01 23:00:00+00:00,8.6,13.85,95.23476,0.0,5.0816135
2026-06-02 00:00:00+00:00,8.6,14.3,93.10362,0.0,7.7983837
2026-06-02 01:00:00+00:00,7.0,14.45,91.605354,0.1,7.0015144
2026-06-02 02:00:00+00:00,6.6,13.85,94.30607,0.0,6.0908127
2026-06-02 03:00:00+00:00,6.1,13.75,94.61066,0.0,5.2478566
2026-06-02 04:00:00+00:00,4.5,12.95,99.023705,0.0,3.244996
2026-06-02 05:00:00+00:00,4.8,12.5,100.0,0.0,2.5772078
2026-06-02 06:00:00+00:00,5.5,12.4,99.019516,0.0,4.6938252
2026-06-02 07:00:00+00:00,7.2,12.1,99.343864,0.0,4.2021422
2026-06-02 08:00:00+00:00,12.0,11.8,100.0,0.0,3.7971036
2026-06-02 09:00:00+00:00,17.3,11.9,99.34284,0.0,5.8048253
2026-06-02 10:00:00+00:00,9.1,12.1,99.67146,0.0,6.0721655
2026-06-02 11:00:00+00:00,14.3,13.55,91.24824,0.0,8.0599
2026-06-02 12:00:00+00:00,14.3,15.65,81.003395,0.0,10.739832
2026-06-02 13:00:00+00:00,9.2,16.9,72.86166,0.0,9.957108
2026-06-02 14:00:00+00:00,3.5,18.1,64.71039,0.0,9.600937
2026-06-02 15:00:00+00:00,18.3,19.15,58.814674,0.0,9.292255
2026-06-02 16:00:00+00:00,23.6,19.7,56.086506,0.0,8.574123
2026-06-02 17:00:00+00:00,17.1,19.55,55.862408,0.0,9.418662
2026-06-02 18:00:00+00:00,16.9,18.65,69.00319,0.0,12.033103
2026-06-02 19:00:00+00:00,11.0,17.65,73.95692,0.0,11.207801
2026-06-02 20:00:00+00:00,5.5,16.7,80.09142,0.0,11.35285
2026-06-02 21:00:00+00:00,2.6,15.35,89.02119,0.0,10.261579
2026-06-02 22:00:00+00:00,8.4,15.15,90.7601,0.0,9.82114
2026-06-02 23:00:00+00:00,12.5,15.15,89.87883,0.0,9.354806
2026-06-03 00:00:00+00:00,5.2,15.15,92.5455,0.0,8.777654
2026-06-03 01:00:00+00:00,10.1,15.15,93.14747,0.1,8.0899935
2026-06-03 02:00:00+00:00,6.3,15.2,92.248695,0.1,9.252069
2026-06-03 03:00:00+00:00,5.2,15.1,93.1449,0.0,8.6193495
2026-06-03 04:00:00+00:00,3.7,15.0,92.83802,0.0,7.9383874
2026-06-03 05:00:00+00:00,2.5,14.85,94.0434,0.1,6.3690495
2026-06-03 06:00:00+00:00,0.3,14.5,94.94928,0.0,5.6060677
2026-06-03 07:00:00+00:00,0.5,14.6,93.422615,0.0,6.4096174
2026-06-03 08:00:00+00:00,2.8,14.6,92.81653,0.0,6.048107
2026-06-03 09:00:00+00:00,4.0,14.6,92.81653,0.0,6.9153743
2026-06-03 10:00:00+00:00,3.1,14.6,93.11914,0.0,6.7565966
2026-06-03 11:00:00+00:00,5.9,15.25,89.30335,0.0,7.538541
2026-06-03 12:00:00+00:00,5.3,16.8,82.75294,0.0,8.139901
2026-06-03 13:00:00+00:00,1.9,18.2,73.3318,0.1,7.7588143
2026-06-03 14:00:00+00:00,2.1,19.25,66.684875,0.0,7.3997297
2026-06-03 15:00:00+00:00,4.0,20.2,60.642532,0.0,5.7628117
2026-06-03 16:00:00+00:00,4.7,21.25,54.644554,0.0,5.0432134
2026-06-03 17:00:00+00:00,7.9,20.85,58.836376,0.0,7.674842
2026-06-03 18:00:00+00:00,9.9,19.35,74.00914,0.4,13.229693
2026-06-03 19:00:00+00:00,9.3,18.65,76.32043,0.0,10.630672
2026-06-03 20:00:00+00:00,19.1,17.65,82.057556,0.0,11.35285
2026-06-03 21:00:00+00:00,20.8,16.5,87.970345,0.0,9.826088
2026-06-03 22:00:00+00:00,19.0,16.1,91.118164,0.0,8.604301
2026-06-03 23:00:00+00:00,17.3,16.25,89.0932,0.0,7.386582
2026-06-04 00:00:00+00:00,25.1,16.15,89.08525,0.0,8.435069
2026-06-04 01:00:00+00:00,29.5,15.9,90.81115,0.0,7.382195
2026-06-04 02:00:00+00:00,14.8,15.6,92.870056,0.0,5.8603754
2026-06-04 03:00:00+00:00,8.9,15.1,95.27976,0.0,6.6818557
2026-06-04 04:00:00+00:00,8.4,15.05,94.663445,0.0,6.7853074
2026-06-04 05:00:00+00:00,6.7,14.95,94.35322,0.0,6.830519
2026-06-04 06:00:00+00:00,7.5,14.7,95.265434,0.0,5.8852015
2026-06-04 07:00:00+00:00,7.2,14.7,94.34255,0.0,6.424764
2026-06-04 08:00:00+00:00,6.1,14.95,91.33898,0.0,6.8612823
2026-06-04 09:00:00+00:00,8.1,14.9,91.33578,0.0,6.0077944
2026-06-04 10:00:00+00:00,9.9,14.55,93.42014,0.0,6.1437774
2026-06-04 11:00:00+00:00,6.6,15.0,90.16085,0.0,7.7400002
2026-06-04 12:00:00+00:00,7.0,15.85,86.49697,0.0,7.771331
2026-06-04 13:00:00+00:00,4.4,17.4,76.36936,0.0,8.849339
2026-06-04 14:00:00+00:00,8.1,19.0,67.95382,0.0,9.582359
2026-06-04 15:00:00+00:00,4.6,20.1,61.82484,0.0,8.849339
2026-06-04 16:00:00+00:00,0.8,21.0,57.72517,0.0,7.989243
2026-06-04 17:00:00+00:00,5.9,21.0,62.84291,0.0,9.686609
2026-06-04 18:00:00+00:00,15.3,19.55,73.330795,0.3,13.896187
2026-06-04 19:00:00+00:00,4.4,18.5,77.7904,0.0,11.500296
2026-06-04 20:00:00+00:00,2.6,17.45,83.63733,0.0,10.883676
2026-06-04 21:00:00+00:00,3.4,16.35,89.38918,0.0,9.085988
2026-06-04 22:00:00+00:00,8.9,15.9,92.28899,0.0,7.562142
2026-06-04 23:00:00+00:00,8.8,15.55,93.46935,0.0,7.256032
2026-06-05 00:00:00+00:00,3.9,15.3,93.15516,0.0,8.714677
2026-06-05 01:00:00+00:00,3.2,14.95,94.04791,0.0,7.388775
2026-06-05 02:00:00+00:00,0.8,14.75,94.65132,0.0,7.5685663
2026-06-05 03:00:00+00:00,2.8,14.35,94.94353,0.0,6.6185193
2026-06-05 04:00:00+00:00,3.6,14.1,96.17879,0.0,6.5520988
2026-06-05 05:00:00+00:00,4.1,14.1,94.31684,0.0,6.6794305
2026-06-05 06:00:00+00:00,3.9,13.7,95.229324,0.0,5.318383
2026-06-05 07:00:00+00:00,3.7,13.35,95.84249,0.0,5.2939587
2026-06-05 08:00:00+00:00,2.5,12.85,97.413216,0.0,4.412754
2026-06-05 09:00:00+00:00,2.8,12.45,98.3712,0.0,4.353619
2026-06-05 10:00:00+00:00,2.0,12.25,98.69306,0.0,4.6834598
2026-06-05 11:00:00+00:00,2.2,12.8,93.95038,0.0,4.3832865
2026-06-05 12:00:00+00:00,1.1,14.4,88.65334,0.0,4.1046314
2026-06-05 13:00:00+00:00,0.9,16.7,74.279434,0.0,6.698806
2026-06-05 14:00:00+00:00,0.1,18.05,64.69946,0.0,7.989243
2026-06-05 15:00:00+00:00,0.0,19.5,55.47857,0.0,8.777653
2026-06-05 16:00:00+00:00,0.0,20.1,53.631104,0.0,7.4672885
2026-06-05 17:00:00+00:00,0.0,20.3,53.68284,0.0,6.341009
2026-06-05 18:00:00+00:00,0.7,20.55,54.828373,0.0,7.3469996
2026-06-05 19:00:00+00:00,0.9,19.35,59.84618,0.0,10.99769
2026-06-05 20:00:00+00:00,0.8,16.8,74.541214,0.0,11.753877
2026-06-05 21:00:00+00:00,4.7,15.6,84.79662,0.0,7.889258
2026-06-05 22:00:00+00:00,14.5,14.95,89.27976,0.0,7.4128532
2026-06-05 23:00:00+00:00,22.0,14.4,92.503586,0.0,6.090812
2026-06-06 00:00:00+00:00,22.5,14.9,89.86018,0.0,7.7900705
2026-06-06 01:00:00+00:00,23.5,14.5,91.30996,0.0,4.3498964
2026-06-06 02:00:00+00:00,23.2,14.0,94.312546,0.0,1.7076298
2026-06-06 03:00:00+00:00,18.7,13.7,95.853615,0.0,1.9881649
2026-06-06 04:00:00+00:00,26.4,13.45,96.790634,0.0,4.143911
2026-06-06 05:00:00+00:00,16.2,13.0,99.34846,0.0,5.0816135
2026-06-06 06:00:00+00:00,25.5,12.55,99.67261,0.0,2.0364676
2026-06-06 07:00:00+00:00,20.5,12.25,99.67184,0.0,1.4058449
2026-06-06 08:00:00+00:00,27.7,12.2,97.40019,0.0,2.97953
2026-06-06 09:00:00+00:00,29.8,11.95,95.16513,0.0,4.1085763
2026-06-06 10:00:00+00:00,32.8,11.65,93.89721,0.0,4.846648
2026-06-06 11:00:00+00:00,45.5,12.35,89.96566,0.0,4.5322843
2026-06-06 12:00:00+00:00,33.9,13.75,86.575905,0.0,5.6920996
2026-06-06 13:00:00+00:00,18.6,15.6,77.34764,0.0,4.669604
2026-06-06 14:00:00+00:00,17.7,17.45,69.67797,0.0,4.755544
2026-06-06 15:00:00+00:00,11.6,19.2,60.607853,0.0,5.6233797
2026-06-06 16:00:00+00:00,14.8,20.45,54.079914,0.0,6.489992
2026-06-06 17:00:00+00:00,18.3,21.1,50.257755,0.0,7.729527
2026-06-06 18:00:00+00:00,26.1,21.6,46.824215,0.0,8.797931
2026-06-06 19:00:00+00:00,13.1,20.75,48.837418,0.0,10.404249
2026-06-06 20:00:00+00:00,16.7,19.3,55.98587,0.0,9.187056
2026-06-06 21:00:00+00:00,17.4,17.65,64.611855,0.0,6.552099
2026-06-06 22:00:00+00:00,23.9,16.35,71.09552,0.0,4.942631
2026-06-06 23:00:00+00:00,27.1,15.45,76.055626,0.0,4.896529
2026-06-07 00:00:00+00:00,40.8,14.9,82.52026,0.0,4.3498964
2026-06-07 01:00:00+00:00,44.3,14.0,84.621284,0.0,4.510787
2026-06-07 02:00:00+00:00,45.1,13.6,85.422424,0.0,4.3536186
2026-06-07 03:00:00+00:00,47.1,13.15,86.804825,0.0,3.7064266
2026-06-07 04:00:00+00:00,44.1,12.7,88.805016,0.0,3.096837
2026-06-07 05:00:00+00:00,45.8,12.3,89.66309,0.0,3.4388947
2026-06-07 06:00:00+00:00,45.6,11.8,90.829384,0.0,4.1085763
2026-06-07 07:00:00+00:00,50.1,11.05,92.312,0.0,4.4456716
2026-06-07 08:00:00+00:00,54.3,10.65,94.16558,0.0,4.39436
2026-06-07 09:00:00+00:00,54.0,10.35,94.78665,0.0,3.8939953
2026-06-07 10:00:00+00:00,52.3,10.2,95.09966,0.0,3.244996
2026-06-07 11:00:00+00:00,50.8,11.85,89.329506,0.0,4.2671766
2026-06-07 12:00:00+00:00,48.8,14.35,79.49918,0.0,2.19718
2026-06-07 13:00:00+00:00,46.7,16.95,68.664276,0.0,2.5959969
2026-06-07 14:00:00+00:00,31.2,18.8,57.37464,0.0,2.6758924
2026-06-07 15:00:00+00:00,24.8,19.9,51.642548,0.0,2.1749482
2026-06-07 16:00:00+00:00,22.4,20.7,45.18006,0.0,1.9386592
2026-06-07 17:00:00+00:00,20.5,21.15,39.404892,0.0,2.3400002
2026-06-07 18:00:00+00:00,12.4,21.75,33.539642,0.0,3.2048087
2026-06-07 19:00:00+00:00,11.5,21.5,36.628036,0.0,3.710795
2026-06-07 20:00:00+00:00,8.0,20.5,52.496952,0.0,0.40249225
2026-06-07 21:00:00+00:00,27.9,18.35,57.071384,0.0,4.471107
2026-06-07 22:00:00+00:00,35.4,16.4,78.751236,0.0,4.6102495
2026-06-07 23:00:00+00:00,35.3,15.35,84.49243,0.0,2.7475805
2026-06-08 00:00:00+00:00,24.8,14.55,91.31319,0.0,2.0523157
2026-06-08 01:00:00+00:00,25.2,14.1,93.09324,0.0,1.3708391
2026-06-08 02:00:00+00:00,26.3,13.7,95.229324,0.0,2.4149535
2026-06-08 03:00:00+00:00,27.6,13.3,96.786934,0.0,1.9469976
2026-06-08 04:00:00+00:00,26.7,13.05,96.4639,0.0,1.659518
2026-06-08 05:00:00+00:00,16.1,12.75,96.1391,0.0,1.26
2026-06-08 06:00:00+00:00,11.1,12.3,96.44346,0.0,1.8
2026-06-08 07:00:00+00:00,10.6,11.95,94.85026,0.0,1.8
2026-06-08 08:00:00+00:00,13.9,11.65,93.89721,0.0,1.2979984
2026-06-08 09:00:00+00:00,21.3,11.25,94.82256,0.0,1.3104197
2026-06-08 10:00:00+00:00,28.8,10.45,100.0,0.0,1.835647
2026-06-08 11:00:00+00:00,34.5,11.6,95.46876,0.0,3.219938
2026-06-08 12:00:00+00:00,40.0,13.15,93.96641,0.0,2.0991426
2026-06-08 13:00:00+00:00,40.4,15.65,81.003395,0.0,2.8174455
2026-06-08 14:00:00+00:00,36.0,18.55,63.11844,0.0,2.968636
2026-06-08 15:00:00+00:00,30.1,20.75,48.510624,0.0,4.2481523
2026-06-08 16:00:00+00:00,23.5,21.95,40.86583,0.0,6.9480934
2026-06-08 17:00:00+00:00,5.7,22.5,39.78954,0.0,7.386582
2026-06-08 18:00:00+00:00,4.5,23.05,37.19775,0.0,8.244708
2026-06-08 19:00:00+00:00,3.6,22.3,39.597824,0.0,8.996398
2026-06-08 20:00:00+00:00,4.3,20.65,49.1391,0.0,6.8612823
2026-06-08 21:00:00+00:00,17.8,18.6,60.065712,0.0,5.4119864
2026-06-08 22:00:00+00:00,27.3,17.6,66.77904,0.0,4.5891175
2026-06-08 23:00:00+00:00,33.5,16.5,74.982285,0.0,4.3536186
2026-06-09 00:00:00+00:00,37.2,15.75,77.88267,0.0,3.8856654
2026-06-09 01:00:00+00:00,37.6,14.9,80.10554,0.0,3.6
2026-06-09 02:00:00+00:00,41.7,14.25,83.26206,0.0,2.1674871
2026-06-09 03:00:00+00:00,43.6,13.6,86.56126,0.0,2.5071096
2026-06-09 04:00:00+00:00,46.4,13.2,88.26013,0.0,1.2074767
2026-06-09 05:00:00+00:00,49.5,12.9,88.23418,0.0,3.9763298
2026-06-09 06:00:00+00:00,52.8,12.6,89.09233,0.0,3.8647635
2026-06-09 07:00:00+00:00,56.2,12.15,87.581985,0.0,4.3349743
2026-06-09 08:00:00+00:00,64.6,12.0,86.6934,0.0,4.6102495
2026-06-09 09:00:00+00:00,51.1,11.75,87.54536,0.0,4.293669
2026-06-09 10:00:00+00:00,45.7,11.9,86.10428,0.0,4.755544
2026-06-09 11:00:00+00:00,45.4,13.35,82.05296,0.0,6.5223618
2026-06-09 12:00:00+00:00,44.4,15.7,71.92419,0.0,3.9477081
2026-06-09 13:00:00+00:00,43.1,18.2,62.83067,0.0,4.991553
2026-06-09 14:00:00+00:00,32.4,20.3,54.401943,0.0,8.714677
2026-06-09 15:00:00+00:00,23.6,21.55,49.381966,0.0,10.626099
2026-06-09 16:00:00+00:00,18.7,22.45,42.27321,0.0,12.413477
2026-06-09 17:00:00+00:00,11.8,22.6,41.188858,0.0,11.672275
2026-06-09 18:00:00+00:00,11.4,22.45,41.565838,0.0,9.12513
2026-06-09 19:00:00+00:00,12.1,21.85,43.994774,0.0,8.626865
2026-06-09 20:00:00+00:00,8.8,20.45,53.188015,0.0,4.829907
2026-06-09 21:00:00+00:00,16.3,18.8,61.729313,0.0,3.8939953
2026-06-09 22:00:00+00:00,18.4,17.8,66.82089,0.0,2.8856194
2026-06-09 23:00:00+00:00,28.6,16.7,73.54944,0.0,3.8183763
2026-06-10 00:00:00+00:00,26.6,16.1,77.17059,0.0,4.6102495
2026-06-10 01:00:00+00:00,30.5,16.1,73.68721,0.0,5.2323985
2026-06-10 02:00:00+00:00,34.0,15.5,76.06373,0.0,3.4623692
2026-06-10 03:00:00+00:00,38.7,14.9,79.05247,0.0,1.8532133
2026-06-10 04:00:00+00:00,39.3,14.3,82.44585,0.0,1.659518
2026-06-10 05:00:00+00:00,38.9,13.85,84.04608,0.0,1.8532133
2026-06-10 06:00:00+00:00,46.0,13.25,88.55699,0.0,1.659518
2026-06-10 07:00:00+00:00,47.0,12.95,87.65477,0.0,1.2074767
2026-06-10 08:00:00+00:00,58.9,12.85,87.93735,0.0,0.6489992
2026-06-10 09:00:00+00:00,58.9,12.9,90.904564,0.0,0.742159
2026-06-10 10:00:00+00:00,54.1,12.9,91.50756,0.0,0.40249225
2026-06-10 11:00:00+00:00,44.3,14.25,86.91013,0.0,1.9469976
2026-06-10 12:00:00+00:00,42.2,15.9,81.56904,0.0,0.9693296
2026-06-10 13:00:00+00:00,46.7,18.0,70.93883,0.0,2.657668
2026-06-10 14:00:00+00:00,73.7,19.7,61.328083,0.0,2.907989
2026-06-10 15:00:00+00:00,48.4,21.1,53.180065,0.0,1.8532133
2026-06-10 16:00:00+00:00,39.3,21.95,49.48947,0.0,0.0
2026-06-10 17:00:00+00:00,36.5,22.35,48.458923,0.0,1.26
2026-06-10 18:00:00+00:00,44.3,22.75,47.610962,0.0,4.2366967
2026-06-10 19:00:00+00:00,58.3,22.25,48.754654,0.0,5.771239
2026-06-10 20:00:00+00:00,53.5,17.95,83.42634,0.0,13.0806875
2026-06-10 21:00:00+00:00,48.4,16.6,91.444145,0.0,7.0843205
2026-06-10 22:00:00+00:00,43.9,16.95,89.72323,0.1,5.8852015
2026-06-10 23:00:00+00:00,39.0,16.7,91.744354,0.4,4.2175345
2026-06-11 00:00:00+00:00,40.3,16.3,95.32238,0.2,2.0523157
2026-06-11 01:00:00+00:00,41.6,16.25,96.5492,1.9,2.6999998
2026-06-11 02:00:00+00:00,40.4,16.25,97.4798,0.7,1.0495713
2026-06-11 03:00:00+00:00,32.2,16.25,97.4798,0.2,2.1068459
2026-06-11 04:00:00+00:00,30.0,16.4,96.862114,0.8,3.7842832
2026-06-11 05:00:00+00:00,31.0,16.3,95.628136,1.2,4.5891175
2026-06-11 06:00:00+00:00,33.7,15.7,93.17561,0.9,7.256032
2026-06-11 07:00:00+00:00,34.5,15.45,92.86206,2.1,7.329338
2026-06-11 08:00:00+00:00,32.5,15.3,93.45711,1.2,6.7853074
2026-06-11 09:00:00+00:00,30.5,15.05,94.0524,0.8,6.763786
2026-06-11 10:00:00+00:00,28.8,14.95,94.35322,0.6,6.489992
2026-06-11 11:00:00+00:00,25.6,15.15,94.36174,0.6,6.689125
2026-06-11 12:00:00+00:00,30.3,16.15,94.101326,0.2,5.0142193
2026-06-11 13:00:00+00:00,30.7,16.7,92.03908,0.2,6.1226463
2026-06-11 14:00:00+00:00,23.9,17.4,85.53939,0.2,9.957108
2026-06-11 15:00:00+00:00,20.1,18.4,77.02481,0.1,11.605464
2026-06-11 16:00:00+00:00,14.2,19.05,71.83232,0.0,10.908951
2026-06-11 17:00:00+00:00,7.5,18.55,74.35262,0.0,9.614426
2026-06-11 18:00:00+00:00,8.7,18.7,76.82292,0.0,6.1305785
2026-06-11 19:00:00+00:00,10.1,18.45,78.28664,0.0,4.5
2026-06-11 20:00:00+00:00,12.3,18.1,82.37827,0.0,2.0523157
2026-06-11 21:00:00+00:00,25.2,17.2,84.4225,0.0,1.0182338
2026-06-11 22:00:00+00:00,31.1,16.65,86.01657,0.0,3.4763772
2026-06-11 23:00:00+00:00,32.9,16.2,88.515045,0.0,4.5572357
2026-06-12 00:00:00+00:00,32.9,16.5,90.268875,0.0,4.613762
2026-06-12 01:00:00+00:00,33.3,15.95,91.402954,0.0,4.175069
2026-06-12 02:00:00+00:00,31.8,15.6,91.973854,0.0,4.6834598
2026-06-12 03:00:00+00:00,28.5,15.3,91.955956,0.0,5.5829024
2026-06-12 04:00:00+00:00,35.7,14.9,91.33578,0.0,4.3349743
2026-06-12 05:00:00+00:00,33.2,14.65,91.022316,0.0,4.0449963
2026-06-12 06:00:00+00:00,34.4,14.5,91.60847,0.0,4.323748
2026-06-12 07:00:00+00:00,37.5,14.7,87.81183,0.0,6.1437774
2026-06-12 08:00:00+00:00,34.1,14.65,84.97193,0.0,5.634891
2026-06-12 09:00:00+00:00,36.9,14.35,84.65989,0.0,4.896529
2026-06-12 10:00:00+00:00,29.5,14.75,83.32151,0.0,7.3094187
2026-06-12 11:00:00+00:00,22.0,16.45,77.7332,0.0,9.979859
2026-06-12 12:00:00+00:00,21.7,16.2,85.41491,0.0,6.4799995
2026-06-12 13:00:00+00:00,4.8,16.3,90.254585,2.9,9.47012
2026-06-12 14:00:00+00:00,6.0,17.9,86.41738,0.2,11.605464
2026-06-12 15:00:00+00:00,9.4,18.65,80.099915,0.2,18.75631
2026-06-12 16:00:00+00:00,6.4,19.1,79.14045,0.8,21.096123
2026-06-12 17:00:00+00:00,4.2,19.95,73.87397,0.6,21.426807
2026-06-12 18:00:00+00:00,5.6,20.1,75.81852,0.0,22.17144
2026-06-12 19:00:00+00:00,8.2,20.1,78.27856,0.0,17.660192
2026-06-12 20:00:00+00:00,8.3,19.4,81.75227,0.0,20.073025
2026-06-12 21:00:00+00:00,9.8,18.65,84.31186,0.0,20.570463
2026-06-12 22:00:00+00:00,11.6,18.1,86.16082,0.0,19.08
2026-06-12 23:00:00+00:00,9.6,18.25,87.004906,0.0,20.819393
2026-06-13 00:00:00+00:00,7.3,19.15,84.63572,0.0,15.629971
2026-06-13 01:00:00+00:00,6.4,18.8,86.229706,0.0,14.896563
2026-06-13 02:00:00+00:00,3.8,18.45,87.8587,0.0,18.022486
2026-06-13 03:00:00+00:00,2.8,17.6,89.77185,0.0,14.356058
2026-06-13 04:00:00+00:00,3.6,17.75,88.6436,0.0,14.4
2026-06-13 05:00:00+00:00,3.7,17.65,89.489334,0.0,11.091564
2026-06-13 06:00:00+00:00,2.8,17.6,87.22341,0.0,12.456468
2026-06-13 07:00:00+00:00,1.8,16.75,89.13292,0.0,9.187056
2026-06-13 08:00:00+00:00,0.9,16.5,88.5401,0.0,10.233123
2026-06-13 09:00:00+00:00,0.3,16.2,89.956635,0.1,12.669238
2026-06-13 10:00:00+00:00,0.7,16.15,89.952965,0.1,12.641076
2026-06-13 11:00:00+00:00,0.0,16.5,90.268875,0.0,11.605464
2026-06-13 12:00:00+00:00,0.0,18.0,87.53929,0.0,13.874019
2026-06-13 13:00:00+00:00,0.0,18.55,84.8411,0.1,13.934605
2026-06-13 14:00:00+00:00,0.0,19.6,78.95874,0.1,16.056362
2026-06-13 15:00:00+00:00,1.3,20.65,72.81982,0.0,16.037182
2026-06-13 16:00:00+00:00,4.3,21.55,67.16,0.0,15.281989
2026-06-13 17:00:00+00:00,4.2,21.7,65.485664,0.1,14.028457
2026-06-13 18:00:00+00:00,0.7,21.6,65.46444,0.1,14.25641
2026-06-13 19:00:00+00:00,0.1,20.7,69.85335,0.0,14.982228
2026-06-13 20:00:00+00:00,2.3,19.4,78.17545,0.0,12.313894
2026-06-13 21:00:00+00:00,7.4,18.3,83.734985,0.0,9.840914
2026-06-13 22:00:00+00:00,21.6,17.45,89.18816,0.0,6.048107
2026-06-13 23:00:00+00:00,26.2,17.05,90.88866,0.0,7.1684303
2026-06-14 00:00:00+00:00,29.4,17.25,91.48508,0.0,12.514855
2026-06-14 01:00:00+00:00,24.7,16.6,93.52041,0.1,9.931042
2026-06-14 02:00:00+00:00,3.9,16.35,93.50829,0.0,7.562142
2026-06-14 03:00:00+00:00,0.8,16.05,94.70351,0.0,5.7628117
2026-06-14 04:00:00+00:00,0.2,16.05,95.31355,0.0,4.542994
2026-06-14 05:00:00+00:00,0.2,16.3,95.32238,0.0,4.752136
2026-06-14 06:00:00+00:00,3.8,16.55,97.7968,0.0,6.989936
2026-06-14 07:00:00+00:00,3.6,16.6,97.48651,0.0,2.995797
2026-06-14 08:00:00+00:00,2.1,16.65,97.17735,0.0,3.2846913
2026-06-14 09:00:00+00:00,3.4,16.85,97.1816,0.3,4.452954
2026-06-14 10:00:00+00:00,2.1,16.95,97.18376,0.3,6.66
2026-06-14 11:00:00+00:00,0.2,17.3,96.270515,0.1,7.2359104
2026-06-14 12:00:00+00:00,0.2,18.15,89.812775,0.1,8.78872
2026-06-14 13:00:00+00:00,0.1,19.65,78.212364,0.2,12.284918
2026-06-14 14:00:00+00:00,1.5,20.5,72.32788,0.2,12.886039
2026-06-14 15:00:00+00:00,1.1,20.95,72.17738,0.1,11.091564
2026-06-14 16:00:00+00:00,0.7,21.15,70.615074,0.0,10.571074
2026-06-14 17:00:00+00:00,0.8,21.65,68.266075,0.0,12.242646
2026-06-14 18:00:00+00:00,4.3,21.1,70.37983,0.0,11.975074
2026-06-14 19:00:00+00:00,2.1,20.8,71.91968,0.0,10.650465
2026-06-14 20:00:00+00:00,1.9,19.85,77.99231,0.0,7.0199995
2026-06-14 21:00:00+00:00,4.6,19.35,81.22615,0.0,6.6405115
2026-06-14 22:00:00+00:00,5.1,19.0,85.1597,0.1,6.9247384
2026-06-14 23:00:00+00:00,5.0,18.4,88.69689,0.2,6.4096174
2026-06-15 00:00:00+00:00,7.3,17.1,95.04735,0.0,5.8104043
2026-06-15 01:00:00+00:00,10.0,16.4,95.021255,0.6,6.0347
2026-06-15 02:00:00+00:00,7.1,16.1,95.62149,0.4,3.148714
2026-06-15 03:00:00+00:00,7.6,16.35,95.93623,0.7,2.8460498
2026-06-15 04:00:00+00:00,9.2,16.45,96.863304,3.5,3.7971036
2026-06-15 05:00:00+00:00,14.5,16.35,96.551834,5.1,4.73506
2026-06-15 06:00:00+00:00,8.9,16.45,97.48362,0.5,5.637765
2026-06-15 07:00:00+00:00,0.0,16.3,97.48076,2.2,5.402999
2026-06-15 08:00:00+00:00,0.0,16.0,98.415215,2.6,6.2067385
2026-06-15 09:00:00+00:00,0.0,15.75,98.09729,0.5,5.020677
2026-06-15 10:00:00+00:00,0.0,15.95,96.85137,0.4,4.6730714
2026-06-15 11:00:00+00:00,0.2,15.95,95.923935,0.3,6.5049515
2026-06-15 12:00:00+00:00,0.0,16.1,93.19596,0.1,6.924738
2026-06-15 13:00:00+00:00,0.0,16.4,90.55296,0.2,9.3962755
2026-06-15 14:00:00+00:00,0.0,16.55,88.25909,0.1,10.144082
2026-06-15 15:00:00+00:00,0.3,16.25,88.519226,0.2,9.021574
2026-06-15 16:00:00+00:00,1.4,16.3,87.10315,0.2,8.587338
2026-06-15 17:00:00+00:00,0.0,16.35,85.98644,0.1,8.942214
2026-06-15 18:00:00+00:00,0.0,15.7,89.33859,0.1,9.039514
2026-06-15 19:00:00+00:00,0.0,15.45,91.667564,0.7,9.422101
2026-06-15 20:00:00+00:00,0.1,15.2,92.248695,0.2,8.942214
2026-06-15 21:00:00+00:00,0.0,14.9,94.96458,0.8,8.163749
2026-06-15 22:00:00+00:00,0.1,14.7,96.50828,1.0,6.151683
2026-06-15 23:00:00+00:00,4.8,14.75,95.26723,0.4,6.198903
2026-06-16 00:00:00+00:00,2.1,14.95,95.58321,0.2,7.8954163
2026-06-16 01:00:00+00:00,0.8,14.8,95.88821,0.0,7.8583965
2026-06-16 02:00:00+00:00,0.0,14.65,96.1948,0.1,7.229191
2026-06-16 03:00:00+00:00,0.0,14.55,95.88039,0.0,6.8541956
2026-06-16 04:00:00+00:00,0.9,14.5,95.56807,0.0,6.3639607
2026-06-16 05:00:00+00:00,1.7,14.45,94.63918,0.0,7.353611
2026-06-16 06:00:00+00:00,2.3,14.5,94.94928,0.0,7.289444
2026-06-16 07:00:00+00:00,0.0,14.35,95.87411,0.0,7.570707
2026-06-16 08:00:00+00:00,0.4,14.5,94.334,0.0,7.3799996
2026-06-16 09:00:00+00:00,0.2,14.45,94.33186,0.0,6.341009
2026-06-16 10:00:00+00:00,0.0,14.25,94.63105,0.0,5.5799994
2026-06-16 11:00:00+00:00,0.0,14.4,93.10881,0.0,6.12
2026-06-16 12:00:00+00:00,0.1,15.0,90.16085,0.0,8.885877
2026-06-16 13:00:00+00:00,0.1,15.5,87.02832,0.0,9.044888
2026-06-16 14:00:00+00:00,0.8,15.5,85.90058,0.0,8.649369
2026-06-16 15:00:00+00:00,0.0,15.9,83.18506,0.0,7.256032
2026-06-16 16:00:00+00:00,0.8,16.35,80.83164,0.0,5.6521144
2026-06-16 17:00:00+00:00,0.0,17.0,78.071,0.0,2.968636
2026-06-16 18:00:00+00:00,0.1,17.45,76.626724,0.0,3.3481934
2026-06-16 19:00:00+00:00,0.1,17.55,76.39327,0.0,5.728979
2026-06-16 20:00:00+00:00,1.7,16.6,82.99794,0.0,6.384293
2026-06-16 21:00:00+00:00,3.5,15.25,91.95294,0.0,6.3690495
2026-06-16 22:00:00+00:00,4.9,14.65,95.26364,0.0,5.896202
2026-06-16 23:00:00+00:00,3.7,14.5,95.87882,0.0,5.293959
2026-06-17 00:00:00+00:00,6.0,14.85,91.6303,0.0,3.9640884
2026-06-17 01:00:00+00:00,5.9,14.7,92.21972,0.0,3.3043609
2026-06-17 02:00:00+00:00,23.6,14.65,91.916916,0.0,2.52
2026-06-17 03:00:00+00:00,32.6,14.2,92.79496,0.0,1.6981165
2026-06-17 04:00:00+00:00,34.2,13.8,93.38289,0.0,1.3708391
2026-06-17 05:00:00+00:00,27.1,13.35,94.59427,0.0,0.8049845
2026-06-17 06:00:00+00:00,35.9,12.4,99.019516,0.0,0.56920993
2026-06-17 07:00:00+00:00,32.7,11.8,100.0,0.0,0.6489992
2026-06-17 08:00:00+00:00,34.1,11.55,100.0,0.0,1.7076298
2026-06-17 09:00:00+00:00,32.1,11.65,99.6703,0.0,2.0991426
2026-06-17 10:00:00+00:00,27.0,11.9,96.43247,0.0,1.0948973
2026-06-17 11:00:00+00:00,26.3,11.8,98.03839,0.0,0.40249225
2026-06-17 12:00:00+00:00,24.5,13.35,91.536125,0.0,1.08
2026-06-17 13:00:00+00:00,25.7,14.55,82.749725,0.0,3.06
2026-06-17 14:00:00+00:00,20.4,15.85,76.120445,0.0,3.4247334
2026-06-17 15:00:00+00:00,11.1,16.8,68.86225,0.0,2.7534704
2026-06-17 16:00:00+00:00,18.5,17.8,57.126125,0.0,2.2768397
2026-06-17 17:00:00+00:00,23.9,18.45,51.78081,0.0,2.1068459
2026-06-17 18:00:00+00:00,15.0,19.2,45.53318,0.0,3.244996
2026-06-17 19:00:00+00:00,3.1,19.2,49.41081,0.0,2.8460498
2026-06-17 20:00:00+00:00,3.0,18.45,60.230263,0.0,1.781909
2026-06-17 21:00:00+00:00,2.1,16.35,78.48632,0.0,9.5196
2026-06-17 22:00:00+00:00,1.5,15.2,93.15004,0.0,7.327127
2026-06-17 23:00:00+00:00,1.2,14.45,95.25645,0.0,5.5596404
2026-06-18 00:00:00+00:00,2.4,13.35,96.15681,0.0,5.3939967
2026-06-18 01:00:00+00:00,4.4,12.4,96.7646,0.0,4.327493
2026-06-18 02:00:00+00:00,7.3,11.75,97.39111,0.0,3.7585104
2026-06-18 03:00:00+00:00,6.4,11.35,99.34001,0.0,3.362677
2026-06-18 04:00:00+00:00,11.1,11.15,100.0,0.0,2.9024127
2026-06-18 05:00:00+00:00,26.0,11.1,99.33871,0.0,2.8001428
2026-06-18 06:00:00+00:00,18.1,11.5,98.03382,0.0,4.752136
2026-06-18 07:00:00+00:00,18.0,11.3,97.70589,0.0,4.3349743
2026-06-18 08:00:00+00:00,11.0,11.6,96.10478,0.0,6.522361
2026-06-18 09:00:00+00:00,11.7,11.65,93.89721,0.0,7.0407386
2026-06-18 10:00:00+00:00,18.5,11.6,93.58287,0.0,7.841887
2026-06-18 11:00:00+00:00,21.2,12.15,89.35328,0.0,7.596341
2026-06-18 12:00:00+00:00,10.0,13.5,76.24697,0.0,8.854829
2026-06-18 13:00:00+00:00,4.5,14.9,62.284306,0.0,9.194106
2026-06-18 14:00:00+00:00,2.0,16.0,57.84593,0.0,9.178235
2026-06-18 15:00:00+00:00,0.0,16.85,56.12113,0.0,9.2660675
2026-06-18 16:00:00+00:00,0.0,17.4,54.942265,0.0,9.9408245
2026-06-18 17:00:00+00:00,0.3,17.6,54.2532,0.0,9.957108
2026-06-18 18:00:00+00:00,0.2,17.8,54.121407,0.0,9.807935
2026-06-18 19:00:00+00:00,0.1,16.8,60.038578,0.0,10.548061
2026-06-18 20:00:00+00:00,2.1,15.3,70.89621,0.0,10.855358
2026-06-18 21:00:00+00:00,4.9,13.8,80.486885,0.0,9.449572
2026-06-18 22:00:00+00:00,10.3,12.9,87.06971,0.0,8.461915
2026-06-18 23:00:00+00:00,5.4,12.5,91.17926,0.0,6.989936
2026-06-19 00:00:00+00:00,5.6,12.25,92.075424,0.0,6.544677
2026-06-19 01:00:00+00:00,4.2,12.05,93.91579,0.0,5.8104043
2026-06-19 02:00:00+00:00,5.5,11.6,94.83645,0.0,4.7110505
2026-06-19 03:00:00+00:00,8.7,11.5,92.64674,0.0,5.3999996
2026-06-19 04:00:00+00:00,7.4,11.3,91.09943,0.0,7.596341
2026-06-19 05:00:00+00:00,17.6,11.05,91.6955,0.0,8.65873
2026-06-19 06:00:00+00:00,26.3,10.7,94.48379,0.0,9.446141
2026-06-19 07:00:00+00:00,27.1,10.4,96.06851,0.0,8.244708
2026-06-19 08:00:00+00:00,32.7,10.0,98.33977,0.0,7.282774
2026-06-19 09:00:00+00:00,34.1,9.8,98.999344,0.0,5.3457265
2026-06-19 10:00:00+00:00,37.6,9.75,98.00677,0.0,5.0911684
2026-06-19 11:00:00+00:00,36.7,10.2,95.419624,0.0,4.724786
2026-06-19 12:00:00+00:00,32.9,11.75,92.66065,0.0,5.6002855
2026-06-19 13:00:00+00:00,28.7,14.45,82.46448,0.0,3.6447225
2026-06-19 14:00:00+00:00,26.9,17.35,72.703125,0.0,2.50064
2026-06-19 15:00:00+00:00,23.7,20.2,62.662914,0.0,5.020677
2026-06-19 16:00:00+00:00,20.0,22.4,49.44617,0.0,10.564942
2026-06-19 17:00:00+00:00,5.3,22.9,48.768375,0.0,11.35285
2026-06-19 18:00:00+00:00,3.4,23.25,46.653522,0.0,10.385547
2026-06-19 19:00:00+00:00,2.8,22.5,52.32532,0.0,6.9270773
2026-06-19 20:00:00+00:00,2.9,20.85,60.398148,0.0,5.068846
2026-06-19 21:00:00+00:00,5.3,19.15,67.101555,0.0,5.2694216
2026-06-19 22:00:00+00:00,8.0,18.2,72.38154,0.0,5.232399
2026-06-19 23:00:00+00:00,11.8,17.3,76.603035,0.0,5.2200003
2026-06-20 00:00:00+00:00,23.2,16.9,79.33982,0.0,5.4029994
2026-06-20 01:00:00+00:00,34.6,16.4,79.52827,0.0,5.426933
2026-06-20 02:00:00+00:00,34.3,16.0,78.95156,0.0,5.1544156
2026-06-20 03:00:00+00:00,37.3,15.6,79.41468,0.0,4.5536795
2026-06-20 04:00:00+00:00,45.5,15.15,80.67052,0.0,2.7416782
2026-06-20 05:00:00+00:00,45.5,14.7,81.68255,0.0,3.671294
2026-06-20 06:00:00+00:00,34.4,14.3,84.375496,0.0,4.514377
2026-06-20 07:00:00+00:00,31.2,14.1,83.24416,0.0,4.6834598
2026-06-20 08:00:00+00:00,30.1,14.0,82.40846,0.0,4.7110505
2026-06-20 09:00:00+00:00,28.3,13.95,81.85688,0.0,4.452954
2026-06-20 10:00:00+00:00,24.6,14.1,80.79596,0.0,4.2366967
2026-06-20 11:00:00+00:00,23.3,15.6,75.07901,0.0,5.2939587
2026-06-20 12:00:00+00:00,23.6,17.3,73.65453,0.0,4.514377
2026-06-20 13:00:00+00:00,24.0,19.65,67.42389,0.0,3.5455887
2026-06-20 14:00:00+00:00,23.3,21.65,60.585102,0.0,7.771331
2026-06-20 15:00:00+00:00,16.9,22.4,56.023224,0.0,12.24
2026-06-20 16:00:00+00:00,8.0,22.2,57.08012,0.0,15.379206
2026-06-20 17:00:00+00:00,8.4,21.2,62.27804,0.0,11.4862
2026-06-20 18:00:00+00:00,6.7,21.5,63.981335,0.0,7.9036193
2026-06-20 19:00:00+00:00,7.1,20.25,74.63933,0.5,7.3094187
2026-06-20 20:00:00+00:00,12.1,19.2,82.512856,0.4,8.790563
2026-06-20 21:00:00+00:00,19.2,18.3,86.73246,0.4,11.385622
2026-06-20 22:00:00+00:00,22.7,17.4,92.080215,0.9,13.466357
2026-06-20 23:00:00+00:00,23.8,16.85,94.13216,1.7,15.283048
2026-06-21 00:00:00+00:00,14.2,17.0,90.3045,2.5,10.920824
2026-06-21 01:00:00+00:00,0.1,16.55,88.54426,0.2,7.6579366
2026-06-21 02:00:00+00:00,0.8,16.15,89.08525,0.0,5.95906
2026-06-21 03:00:00+00:00,2.3,16.0,91.40613,0.0,7.2403865
2026-06-21 04:00:00+00:00,2.1,15.45,94.07026,0.0,7.5363917
2026-06-21 05:00:00+00:00,0.6,15.2,94.05911,0.0,7.5170207
2026-06-21 06:00:00+00:00,1.8,14.55,88.95657,0.0,7.9465466
2026-06-21 07:00:00+00:00,0.4,13.5,89.754745,0.0,6.297428
2026-06-21 08:00:00+00:00,0.2,12.65,92.40439,0.0,9.139322
2026-06-21 09:00:00+00:00,1.7,12.0,96.116776,0.0,4.5820518
2026-06-21 10:00:00+00:00,3.2,11.65,97.71213,0.0,5.3517847
2026-06-21 11:00:00+00:00,1.9,12.0,90.843124,0.0,6.7757506
2026-06-21 12:00:00+00:00,1.4,13.8,85.16123,0.0,6.804381
2026-06-21 13:00:00+00:00,2.1,14.95,76.22724,0.0,6.6624317
2026-06-21 14:00:00+00:00,2.1,16.25,71.076614,0.0,6.452441
2026-06-21 15:00:00+00:00,0.7,17.35,66.94821,0.0,4.0449963
2026-06-21 16:00:00+00:00,0.7,18.15,63.028214,0.0,1.4058449
2026-06-21 17:00:00+00:00,3.0,18.7,57.158466,0.0,2.0991426
2026-06-21 18:00:00+00:00,6.5,19.75,47.106686,0.0,2.9301877
2026-06-21 19:00:00+00:00,7.2,19.65,49.033203,0.0,2.6208394
2026-06-21 20:00:00+00:00,29.9,18.8,60.313175,0.0,1.8089776
2026-06-21 21:00:00+00:00,37.6,17.25,62.824146,0.0,3.6402748
2026-06-21 22:00:00+00:00,36.0,16.15,72.968025,0.0,2.7059932
2026-06-21 23:00:00+00:00,41.3,15.15,81.47182,0.0,1.1384199
2026-06-22 00:00:00+00:00,48.2,13.95,95.86151,0.0,0.56920993
2026-06-22 01:00:00+00:00,53.0,13.35,98.06184,0.0,0.71999997
2026-06-22 02:00:00+00:00,54.4,12.75,99.022194,0.0,1.0182338
2026-06-22 03:00:00+00:00,54.5,11.85,99.015305,0.0,2.7534704
2026-06-22 04:00:00+00:00,52.6,11.0,100.0,0.0,3.244996
2026-06-22 05:00:00+00:00,50.0,10.6,100.0,0.0,3.494968
2026-06-22 06:00:00+00:00,45.7,11.1,98.02769,0.0,3.06
2026-06-22 07:00:00+00:00,48.9,10.75,96.723045,0.0,2.8460495
2026-06-22 08:00:00+00:00,39.2,10.7,95.1185,0.0,2.0124612
2026-06-22 09:00:00+00:00,35.4,10.45,96.070045,0.0,2.0991426
2026-06-22 10:00:00+00:00,38.2,10.05,100.0,0.0,1.5379207
2026-06-22 11:00:00+00:00,33.4,11.6,94.83645,0.0,5.154415
2026-06-22 12:00:00+00:00,34.3,15.1,79.08144,0.0,4.802999
2026-06-22 13:00:00+00:00,32.7,18.6,66.76794,0.0,3.84796
2026-06-22 14:00:00+00:00,27.1,21.3,58.36891,0.0,8.209263
2026-06-22 15:00:00+00:00,16.4,23.25,49.83707,0.0,12.758432
2026-06-22 16:00:00+00:00,1.8,24.35,43.66612,0.0,14.607751
2026-06-22 17:00:00+00:00,0.2,24.75,42.49257,0.0,13.776762
2026-06-22 18:00:00+00:00,0.1,25.3,43.497677,0.0,12.800266
2026-06-22 19:00:00+00:00,0.3,24.7,47.98128,0.0,9.743304
2026-06-22 20:00:00+00:00,0.0,23.05,54.387043,0.0,6.9270773
2026-06-22 21:00:00+00:00,0.4,21.05,61.03953,0.0,7.562142
2026-06-22 22:00:00+00:00,1.1,20.05,65.133194,0.0,9.181765
2026-06-22 23:00:00+00:00,2.7,19.45,67.38289,0.0,9.044888
2026-06-23 00:00:00+00:00,4.5,19.8,66.14972,0.0,9.741642
2026-06-23 01:00:00+00:00,4.9,19.8,64.024284,0.0,12.739371
2026-06-23 02:00:00+00:00,3.3,20.5,58.55918,0.0,14.49531
2026-06-23 03:00:00+00:00,4.1,20.15,58.474472,0.0,13.647988
2026-06-23 04:00:00+00:00,1.9,19.05,64.06912,0.0,14.224556
2026-06-23 05:00:00+00:00,1.6,16.85,81.426056,1.5,15.3264475
2026-06-23 06:00:00+00:00,3.4,17.1,83.05769,0.4,13.633737
2026-06-23 07:00:00+00:00,7.6,17.35,85.80996,0.0,12.514855
2026-06-23 08:00:00+00:00,8.6,17.35,88.61063,0.1,11.844492
2026-06-23 09:00:00+00:00,6.8,17.1,92.357346,1.4,14.178928
2026-06-23 10:00:00+00:00,5.7,16.85,93.83192,0.5,10.495713
2026-06-23 11:00:00+00:00,17.3,17.05,95.34872,2.2,9.693296
2026-06-23 12:00:00+00:00,33.6,17.75,94.17146,0.1,11.298495
2026-06-23 13:00:00+00:00,10.6,17.85,93.877716,1.3,10.163227
2026-06-23 14:00:00+00:00,22.2,18.4,89.54648,0.1,7.5213294
2026-06-23 15:00:00+00:00,21.2,19.95,81.56224,0.0,11.144021
2026-06-23 16:00:00+00:00,17.4,20.6,77.362335,0.0,14.021525
2026-06-23 17:00:00+00:00,24.2,20.35,78.06644,0.1,10.086427
2026-06-23 18:00:00+00:00,15.8,19.85,78.99447,0.3,9.914717
2026-06-23 19:00:00+00:00,13.9,18.7,85.94579,1.4,4.3573384
2026-06-23 20:00:00+00:00,0.2,16.9,95.03993,4.4,8.699793
2026-06-23 21:00:00+00:00,0.0,14.5,95.56807,4.5,12.362475
2026-06-23 22:00:00+00:00,0.0,14.15,97.438995,2.6,6.330782
2026-06-23 23:00:00+00:00,0.0,14.25,95.559654,1.7,9.391102
2026-06-24 00:00:00+00:00,0.0,13.7,96.1671,1.7,7.327127
2026-06-24 01:00:00+00:00,0.0,13.5,96.161224,2.0,6.5520988
2026-06-24 02:00:00+00:00,0.0,13.35,95.84249,1.4,6.6087217
2026-06-24 03:00:00+00:00,0.0,13.05,96.780754,2.0,7.9077177
2026-06-24 04:00:00+00:00,0.0,12.8,96.14057,0.5,8.587338
2026-06-24 05:00:00+00:00,0.0,12.85,95.82655,2.1,6.341009
2026-06-24 06:00:00+00:00,0.0,12.65,95.5051,0.4,6.391901
2026-06-24 07:00:00+00:00,0.0,12.5,96.44892,0.8,6.698806
2026-06-24 08:00:00+00:00,0.0,12.5,96.13168,0.9,7.247096
2026-06-24 09:00:00+00:00,0.0,12.2,95.80571,1.4,8.849339
2026-06-24 10:00:00+00:00,0.0,12.2,95.80571,1.4,6.151683
2026-06-24 11:00:00+00:00,0.3,12.3,96.12573,1.5,7.247096
2026-06-24 12:00:00+00:00,0.3,12.9,93.954956,1.8,8.827344
2026-06-24 13:00:00+00:00,0.0,12.85,94.26272,1.5,6.698806
2026-06-24 14:00:00+00:00,0.5,13.55,90.05474,0.5,8.574123
2026-06-24 15:00:00+00:00,0.0,14.85,83.60804,0.1,7.8149853
2026-06-24 16:00:00+00:00,0.0,14.75,84.425766,0.3,6.552099
2026-06-24 17:00:00+00:00,0.1,14.05,89.50202,0.5,6.9550843
2026-06-24 18:00:00+00:00,0.6,14.1,85.193275,0.2,4.965521
2026-06-24 19:00:00+00:00,0.0,13.55,87.99921,0.1,6.302571
2026-06-24 20:00:00+00:00,0.0,13.0,90.911354,0.0,5.4149795
2026-06-24 21:00:00+00:00,0.3,12.8,91.80423,0.0,5.2323985
2026-06-24 22:00:00+00:00,1.6,12.6,93.014694,0.0,5.9617786
2026-06-24 23:00:00+00:00,2.9,12.55,93.01205,0.0,6.015878
2026-06-25 00:00:00+00:00,4.1,12.2,93.92274,0.1,6.502461
